{"circles": [], "links": [{"source": "f1", "target": "f3"}, {"source": "f8", "target": "f7"}, {"source": "f7", "target": "f5"}], "pID": "anon", "sns": false, "appID": "cnl", "friends": [{"category": ["family_f1"], "strength": 3, "hash": null, "name": "dad", "friendNumber": "f1", "lastSeen": "week", "strengthLength": 189.59834626119599}, {"category": ["facebook_f1", "calling_f1", "texting_f1"], "strength": 2, "hash": null, "name": "justin", "friendNumber": "f8", "lastSeen": "month", "strengthLength": 225.64853234831534}, {"category": ["calling_f2"], "strength": 2, "hash": null, "name": "kelsey", "friendNumber": "f5", "lastSeen": "month", "strengthLength": 221.6690413714485}, {"category": ["texting_f2"], "strength": 2, "hash": null, "name": "mattie", "friendNumber": "f7", "lastSeen": "month", "strengthLength": 238.43900427061863}, {"category": ["family_f2"], "strength": 5, "hash": null, "name": "mom", "friendNumber": "f2", "lastSeen": "week", "strengthLength": 112.89799313005955}, {"category": ["family_f3", "facebook_f2"], "strength": 4, "hash": null, "name": "sister", "friendNumber": "f3", "lastSeen": "year", "strengthLength": 140.8682936187988}]}