{"circles": [{"name": "soccer", "members": ["f1", "f2", "f3"]}], "links": [{"source": "f1", "target": "f2"}, {"source": "f1", "target": "f3"}, {"source": "f2", "target": "f3"}, {"source": "f1", "target": "f2"}, {"source": "f1", "target": "f3"}, {"source": "f2", "target": "f3"}], "pID": "anon", "sns": false, "appID": "cnl", "friends": [{"category": ["family_f1"], "strength": 5, "hash": null, "name": "dad", "friendNumber": "f1", "lastSeen": "week", "strengthLength": 116.64424052885077}, {"category": ["family_f2"], "strength": 5, "hash": null, "name": "mom", "friendNumber": "f2", "lastSeen": "month", "strengthLength": 117.45303616242846}, {"category": ["calling_f1"], "strength": 7, "hash": null, "name": "one", "friendNumber": "f3", "lastSeen": "month", "strengthLength": 13.941942380104514}]}