{"circles": [{"name": "soccer", "members": ["f11", "f3"]}, {"name": "work", "members": ["f1", "f10"]}, {"name": "school", "members": ["f3", "f4"]}], "links": [{"source": "f11", "target": "f3"}, {"source": "f1", "target": "f10"}, {"source": "f3", "target": "f4"}, {"source": "f11", "target": "f3"}, {"source": "f3", "target": "f4"}, {"source": "f1", "target": "f10"}, {"source": "f1", "target": "f4"}, {"source": "f1", "target": "f3"}, {"source": "f2", "target": "f4"}, {"source": "f2", "target": "f1"}, {"source": "f7", "target": "f10"}, {"source": "f10", "target": "f3"}], "pID": "anon", "sns": false, "appID": "cnl", "friends": [{"category": ["family_f1"], "strength": 3, "hash": null, "name": "brother", "friendNumber": "f1", "lastSeen": "week", "strengthLength": 219.51632598429745}, {"category": ["family_f2"], "strength": 1, "hash": null, "name": "dad", "friendNumber": "f2", "lastSeen": "month", "strengthLength": 260.8485583863565}, {"category": ["texting_f1", "facebook_f1", "calling_f1"], "strength": 1, "hash": null, "name": "justin", "friendNumber": "f7", "lastSeen": "month", "strengthLength": 261.53871443360094}, {"category": ["facebook_f2"], "strength": 3, "hash": null, "name": "kyla", "friendNumber": "f10", "lastSeen": "month", "strengthLength": 192.20555816389466}, {"category": ["facebook_f3", "calling_f2", "texting_f2"], "strength": 5, "hash": null, "name": "mattie", "friendNumber": "f11", "lastSeen": "year", "strengthLength": 132.62492122114477}, {"category": ["family_f3"], "strength": 4, "hash": null, "name": "mom", "friendNumber": "f3", "lastSeen": "year", "strengthLength": 148.61910773108983}, {"category": ["family_f4"], "strength": 5, "hash": null, "name": "sister", "friendNumber": "f4", "lastSeen": "year", "strengthLength": 119.76174631096185}]}