{"circles": [{"name": "soccer", "members": ["f1", "f4", "f2"]}, {"name": "book club", "members": ["f3", "f2", "f7"]}], "links": [{"source": "f1", "target": "f4"}, {"source": "f1", "target": "f2"}, {"source": "f4", "target": "f2"}, {"source": "f3", "target": "f2"}, {"source": "f3", "target": "f7"}, {"source": "f2", "target": "f7"}, {"source": "f1", "target": "f4"}, {"source": "f1", "target": "f2"}, {"source": "f4", "target": "f2"}, {"source": "f3", "target": "f2"}, {"source": "f3", "target": "f7"}, {"source": "f2", "target": "f7"}], "pID": "anon", "sns": false, "appID": "cnl", "friends": [{"category": ["facebook_f1", "family_f1"], "strength": 2, "hash": null, "name": "dad", "friendNumber": "f1", "lastSeen": "week", "smoke": "no", "strengthLength": 230.06318654912968}, {"category": ["texting_f1", "calling_f1"], "strength": 2, "hash": null, "name": "justin", "friendNumber": "f3", "lastSeen": "week", "smoke": "no", "strengthLength": 221.74458102166165}, {"category": ["texting_f2"], "strength": 4, "hash": null, "name": "kelsey", "friendNumber": "f4", "lastSeen": "week", "smoke": "no", "strengthLength": 177.88732259174205}, {"category": ["calling_f2"], "strength": 2, "hash": null, "name": "mati", "friendNumber": "f9", "lastSeen": "overayear", "smoke": "no", "strengthLength": 227.47375034005836}, {"category": ["facebook_f2", "family_f2"], "strength": 4, "hash": null, "name": "mom", "friendNumber": "f2", "lastSeen": "overayear", "smoke": "yes", "strengthLength": 178.75005494095362}, {"category": ["family_f3"], "strength": 3, "hash": null, "name": "sis", "friendNumber": "f7", "lastSeen": "overayear", "smoke": "unknown", "strengthLength": 182.41618621041187}]}