{"circles": [{"name": "soccer", "members": ["f2", "f5"]}, {"name": "home", "members": ["f3", "f2", "f4"]}, {"name": "school", "members": ["f1", "f2"]}], "links": [], "pID": "anon", "sns": null, "appID": "cnl", "friends": [{"category": ["family_f1"], "hash": null, "name": "dad", "drive": "yes", "friendNumber": "f3", "lastSeen": "week", "smoke": "no"}, {"category": ["texting_f1"], "hash": null, "name": "justin", "drive": "no", "friendNumber": "f1", "lastSeen": "month", "smoke": "no"}, {"category": ["texting_f2"], "hash": null, "name": "kelsey", "drive": "no", "friendNumber": "f2", "lastSeen": "year", "smoke": "no"}, {"category": ["family_f2"], "hash": null, "name": "mom", "drive": "no", "friendNumber": "f4", "lastSeen": "month", "smoke": "unknown"}, {"category": ["family_f3"], "hash": null, "name": "ssister", "drive": "yes", "friendNumber": "f5", "lastSeen": "month", "smoke": "unknown"}]}