{"circles": [{"name": "soccer", "members": ["f1", "f4"]}, {"name": "home", "members": ["f3", "f2", "f5"]}], "links": [{"source": "f1", "target": "f4"}, {"source": "f3", "target": "f2"}, {"source": "f3", "target": "f5"}, {"source": "f2", "target": "f5"}, {"source": "f1", "target": "f4"}, {"source": "f3", "target": "f2"}, {"source": "f3", "target": "f5"}, {"source": "f2", "target": "f5"}], "pID": "anon", "sns": false, "appID": "cnl", "friends": [{"category": ["family_f1"], "strength": 5, "hash": null, "name": "Friend f1", "friendNumber": "f1", "lastSeen": "week", "smoke": "yes", "strengthLength": 127.2361577276382}, {"category": ["calling_f1", "facebook_f1"], "strength": 5, "hash": null, "name": "Friend f3", "friendNumber": "f3", "lastSeen": "month", "smoke": "no", "strengthLength": 122.20297870715734}, {"category": ["calling_f2"], "strength": 3, "hash": null, "name": "Friend f4", "friendNumber": "f4", "lastSeen": "month", "smoke": "no", "strengthLength": 219.83027868412404}, {"category": ["family_f2"], "strength": 4, "hash": null, "name": "Friend f2", "friendNumber": "f2", "lastSeen": "month", "smoke": "no", "strengthLength": 176.5897172394202}, {"category": ["texting_f1"], "strength": 5, "hash": null, "name": "Friend f5", "friendNumber": "f5", "lastSeen": "year", "smoke": "no", "strengthLength": 105.2790519175246}]}