{"circles": [], "links": [{"source": "f61", "target": "f58"}, {"source": "f61", "target": "f66"}, {"source": "f61", "target": "f4"}, {"source": "f61", "target": "f31"}, {"source": "f61", "target": "f51"}, {"source": "f62", "target": "f47"}, {"source": "f62", "target": "f45"}, {"source": "f62", "target": "f56"}, {"source": "f62", "target": "f51"}, {"source": "f25", "target": "f31"}, {"source": "f25", "target": "f18"}, {"source": "f25", "target": "f11"}, {"source": "f25", "target": "f5"}, {"source": "f25", "target": "f74"}, {"source": "f15", "target": "f79"}, {"source": "f15", "target": "f78"}, {"source": "f15", "target": "f59"}], "pID": "anon", "sns": false, "appID": "cnl", "friends": [{"category": ["calling_f1"], "hash": null, "name": "Afton", "friendNumber": "f61", "lastSeen": "year", "smoke": "unknown"}, {"category": ["calling_f2"], "hash": null, "name": "Alberto", "friendNumber": "f62", "lastSeen": "month", "smoke": "unknown"}, {"category": ["calling_f3"], "hash": null, "name": "Alida", "friendNumber": "f63", "lastSeen": "month", "smoke": "no"}, {"category": ["texting_f1"], "hash": null, "name": "Antonetta", "friendNumber": "f21", "lastSeen": "year", "smoke": "unknown"}, {"category": ["family_f1"], "hash": null, "name": "Argelia", "friendNumber": "f41", "lastSeen": "year", "smoke": "unknown"}, {"category": ["facebook_f1"], "hash": null, "name": "Ashly", "friendNumber": "f1", "lastSeen": "year", "smoke": "unknown"}, {"category": ["family_f2"], "hash": null, "name": "Azalee", "friendNumber": "f42", "lastSeen": "year", "smoke": "unknown"}, {"category": ["facebook_f2"], "hash": null, "name": "Bart", "friendNumber": "f2", "lastSeen": "year", "smoke": "unknown"}, {"category": ["family_f3"], "hash": null, "name": "Belia", "friendNumber": "f43", "lastSeen": "year", "smoke": "no"}, {"category": ["facebook_f3"], "hash": null, "name": "Carissa", "friendNumber": "f3", "lastSeen": "year", "smoke": "no"}, {"category": ["texting_f2"], "hash": null, "name": "Carri", "friendNumber": "f22", "lastSeen": "year", "smoke": "no"}, {"category": ["texting_f3"], "hash": null, "name": "Catherine", "friendNumber": "f23", "lastSeen": "year", "smoke": "no"}, {"category": ["family_f4"], "hash": null, "name": "Celena", "friendNumber": "f44", "lastSeen": "year", "smoke": "no"}, {"category": ["texting_f4"], "hash": null, "name": "Crysta", "friendNumber": "f24", "lastSeen": "year", "smoke": "no"}, {"category": ["calling_f4"], "hash": null, "name": "Curtis", "friendNumber": "f64", "lastSeen": "overayear", "smoke": "no"}, {"category": ["facebook_f4"], "hash": null, "name": "Dee", "friendNumber": "f4", "lastSeen": "month", "smoke": "yes"}, {"category": ["facebook_f5"], "hash": null, "name": "Deloris", "friendNumber": "f5", "lastSeen": "week", "smoke": "no"}, {"category": ["texting_f5"], "hash": null, "name": "Dorothy", "friendNumber": "f25", "lastSeen": "month", "smoke": "no"}, {"category": ["calling_f5"], "hash": null, "name": "Earline", "friendNumber": "f65", "lastSeen": "month", "smoke": "yes"}, {"category": ["calling_f6"], "hash": null, "name": "Eleanor", "friendNumber": "f66", "lastSeen": "month", "smoke": "yes"}, {"category": ["facebook_f6"], "hash": null, "name": "Elvin", "friendNumber": "f6", "lastSeen": "month", "smoke": "yes"}, {"category": ["calling_f7"], "hash": null, "name": "Elyse", "friendNumber": "f67", "lastSeen": "month", "smoke": "yes"}, {"category": ["texting_f6"], "hash": null, "name": "Emelina", "friendNumber": "f26", "lastSeen": "month", "smoke": "no"}, {"category": ["family_f5"], "hash": null, "name": "Evelia", "friendNumber": "f45", "lastSeen": "year", "smoke": "yes"}, {"category": ["facebook_f7"], "hash": null, "name": "Evelin", "friendNumber": "f7", "lastSeen": "year", "smoke": "no"}, {"category": ["calling_f8"], "hash": null, "name": "Felica", "friendNumber": "f68", "lastSeen": "year", "smoke": "no"}, {"category": ["facebook_f8"], "hash": null, "name": "Fredia", "friendNumber": "f8", "lastSeen": "year", "smoke": "yes"}, {"category": ["calling_f9"], "hash": null, "name": "Georgette", "friendNumber": "f69", "lastSeen": "year", "smoke": "yes"}, {"category": ["texting_f7"], "hash": null, "name": "Houston", "friendNumber": "f27", "lastSeen": "year", "smoke": "yes"}, {"category": ["facebook_f9"], "hash": null, "name": "Humberto", "friendNumber": "f9", "lastSeen": "overayear", "smoke": "yes"}, {"category": ["facebook_f10"], "hash": null, "name": "Isidra", "friendNumber": "f10", "lastSeen": "week", "smoke": "no"}, {"category": ["family_f6"], "hash": null, "name": "Izola", "friendNumber": "f46", "lastSeen": "month", "smoke": "yes"}, {"category": ["family_f7"], "hash": null, "name": "Jefferson", "friendNumber": "f47", "lastSeen": "year", "smoke": "yes"}, {"category": ["texting_f8"], "hash": null, "name": "Jeromy", "friendNumber": "f28", "lastSeen": "year", "smoke": "no"}, {"category": ["texting_f9"], "hash": null, "name": "Joane", "friendNumber": "f29", "lastSeen": "year", "smoke": "yes"}, {"category": ["family_f8"], "hash": null, "name": "Josette", "friendNumber": "f48", "lastSeen": "month", "smoke": "no"}, {"category": ["calling_f10"], "hash": null, "name": "Julianne", "friendNumber": "f70", "lastSeen": "month", "smoke": "no"}, {"category": ["calling_f11"], "hash": null, "name": "Justa", "friendNumber": "f71", "lastSeen": "month", "smoke": "no"}, {"category": ["family_f9"], "hash": null, "name": "Kary", "friendNumber": "f49", "lastSeen": "year", "smoke": "no"}, {"category": ["texting_f10"], "hash": null, "name": "Keith", "friendNumber": "f30", "lastSeen": "year", "smoke": "yes"}, {"category": ["family_f10"], "hash": null, "name": "Korey", "friendNumber": "f50", "lastSeen": "year", "smoke": "no"}, {"category": ["family_f11"], "hash": null, "name": "Laree", "friendNumber": "f51", "lastSeen": "month", "smoke": "no"}, {"category": ["texting_f11"], "hash": null, "name": "Leida", "friendNumber": "f31", "lastSeen": "year", "smoke": "no"}, {"category": ["family_f12"], "hash": null, "name": "Letitia", "friendNumber": "f52", "lastSeen": "year", "smoke": "no"}, {"category": ["calling_f12"], "hash": null, "name": "Librada", "friendNumber": "f72", "lastSeen": "year", "smoke": "no"}, {"category": ["family_f13"], "hash": null, "name": "Liliana", "friendNumber": "f53", "lastSeen": "month", "smoke": "no"}, {"category": ["texting_f12"], "hash": null, "name": "Lu", "friendNumber": "f32", "lastSeen": "month", "smoke": "unknown"}, {"category": ["texting_f13"], "hash": null, "name": "Mandie", "friendNumber": "f33", "lastSeen": "month", "smoke": "unknown"}, {"category": ["texting_f14"], "hash": null, "name": "Maritza", "friendNumber": "f34", "lastSeen": "month", "smoke": "unknown"}, {"category": ["facebook_f11"], "hash": null, "name": "Marni", "friendNumber": "f11", "lastSeen": "month", "smoke": "unknown"}, {"category": ["texting_f15"], "hash": null, "name": "Martin", "friendNumber": "f35", "lastSeen": "month", "smoke": "unknown"}, {"category": ["family_f14"], "hash": null, "name": "Maurine", "friendNumber": "f54", "lastSeen": "month", "smoke": "unknown"}, {"category": ["texting_f16"], "hash": null, "name": "Megan", "friendNumber": "f36", "lastSeen": "month", "smoke": "unknown"}, {"category": ["calling_f13"], "hash": null, "name": "Melvin", "friendNumber": "f73", "lastSeen": "month", "smoke": "unknown"}, {"category": ["facebook_f12"], "hash": null, "name": "Mignon", "friendNumber": "f12", "lastSeen": "month", "smoke": "unknown"}, {"category": ["texting_f17"], "hash": null, "name": "Minna", "friendNumber": "f37", "lastSeen": "month", "smoke": "no"}, {"category": ["calling_f14"], "hash": null, "name": "Monika", "friendNumber": "f74", "lastSeen": "month", "smoke": "unknown"}, {"category": ["calling_f15"], "hash": null, "name": "Nicki", "friendNumber": "f75", "lastSeen": "month", "smoke": "no"}, {"category": ["facebook_f13"], "hash": null, "name": "Pa", "friendNumber": "f13", "lastSeen": "month", "smoke": "no"}, {"category": ["family_f15"], "hash": null, "name": "Reid", "friendNumber": "f55", "lastSeen": "month", "smoke": "yes"}, {"category": ["texting_f18"], "hash": null, "name": "Roy", "friendNumber": "f38", "lastSeen": "month", "smoke": "no"}, {"category": ["facebook_f14"], "hash": null, "name": "Ruth", "friendNumber": "f14", "lastSeen": "month", "smoke": "no"}, {"category": ["family_f16"], "hash": null, "name": "Rutha", "friendNumber": "f56", "lastSeen": "month", "smoke": "no"}, {"category": ["family_f17"], "hash": null, "name": "Ryann", "friendNumber": "f57", "lastSeen": "month", "smoke": "no"}, {"category": ["calling_f16"], "hash": null, "name": "Sacha", "friendNumber": "f76", "lastSeen": "month", "smoke": "yes"}, {"category": ["facebook_f15"], "hash": null, "name": "Shantelle", "friendNumber": "f15", "lastSeen": "month", "smoke": "no"}, {"category": ["family_f18"], "hash": null, "name": "Sharri", "friendNumber": "f58", "lastSeen": "month", "smoke": "no"}, {"category": ["facebook_f16"], "hash": null, "name": "Sophie", "friendNumber": "f16", "lastSeen": "month", "smoke": "no"}, {"category": ["calling_f17"], "hash": null, "name": "Stefany", "friendNumber": "f77", "lastSeen": "month", "smoke": "no"}, {"category": ["texting_f19"], "hash": null, "name": "Steven", "friendNumber": "f39", "lastSeen": "month", "smoke": "yes"}, {"category": ["facebook_f17"], "hash": null, "name": "Suk", "friendNumber": "f17", "lastSeen": "month", "smoke": "no"}, {"category": ["family_f19"], "hash": null, "name": "Suzy", "friendNumber": "f59", "lastSeen": "month", "smoke": "no"}, {"category": ["family_f20"], "hash": null, "name": "Tennille", "friendNumber": "f60", "lastSeen": "month", "smoke": "no"}, {"category": ["calling_f18"], "hash": null, "name": "Terrie", "friendNumber": "f78", "lastSeen": "month", "smoke": "no"}, {"category": ["texting_f20"], "hash": null, "name": "Ulysses", "friendNumber": "f40", "lastSeen": "month", "smoke": "no"}, {"category": ["calling_f19"], "hash": null, "name": "Vanetta", "friendNumber": "f79", "lastSeen": "month", "smoke": "no"}, {"category": ["facebook_f18"], "hash": null, "name": "Vito", "friendNumber": "f18", "lastSeen": "month", "smoke": "no"}, {"category": ["facebook_f19"], "hash": null, "name": "Werner", "friendNumber": "f19", "lastSeen": "month", "smoke": "no"}, {"category": ["calling_f20"], "hash": null, "name": "Yoko", "friendNumber": "f80", "lastSeen": "month", "smoke": "no"}, {"category": ["facebook_f20"], "hash": null, "name": "Yun", "friendNumber": "f20", "lastSeen": "month", "smoke": "no"}]}