{"circles": [], "links": [{"source": "f1", "target": "f4"}, {"source": "f1", "target": "f3"}, {"source": "f3", "target": "f2"}, {"source": "f5", "target": "f4"}], "pID": "anon", "sns": null, "appID": "cnl", "friends": [{"category": ["family_f1"], "hash": null, "name": "Friend f1", "drives": "yes", "friendNumber": "f1", "lastSeen": "week", "smoke": "no"}, {"category": ["calling_f1"], "hash": null, "name": "Friend f3", "drives": "yes", "friendNumber": "f3", "lastSeen": "month", "smoke": "unknown"}, {"category": ["texting_f1"], "hash": null, "name": "Friend f5", "drives": "yes", "friendNumber": "f5", "lastSeen": "week", "smoke": "unknown"}, {"category": ["calling_f2"], "hash": null, "name": "Friend f4", "drives": "no", "friendNumber": "f4", "lastSeen": "year", "smoke": "unknown"}, {"category": ["family_f2"], "hash": null, "name": "Friend f2", "drives": "yes", "friendNumber": "f2", "lastSeen": "year", "smoke": "no"}]}