{"circles": [{"name": "soccer", "members": ["f4", "f3"]}], "links": [{"source": "f4", "target": "f3"}, {"source": "f4", "target": "f3"}, {"source": "f2", "target": "f1"}], "pID": "anon", "sns": false, "appID": "cnl", "friends": [{"category": ["texting_f1"], "strength": 5, "hash": null, "name": "kelsey", "friendNumber": "f2", "lastSeen": "month", "smoke": "no", "strengthLength": 137.33501433933108}, {"category": ["calling_f1"], "strength": 4, "hash": null, "name": "matti", "friendNumber": "f4", "lastSeen": "year", "smoke": "no", "strengthLength": 148.63209262218092}, {"category": ["family_f1"], "strength": 3, "hash": null, "name": "mom", "friendNumber": "f3", "lastSeen": "year", "smoke": "no", "strengthLength": 212.80745344970444}, {"category": ["facebook_f1"], "strength": 3, "hash": null, "name": "ustin", "friendNumber": "f1", "lastSeen": "overayear", "smoke": "no", "strengthLength": 198.73500521794523}]}