{"circles": [{"name": "home", "members": ["f1", "f6"]}], "links": [{"source": "f1", "target": "f6"}, {"source": "f1", "target": "f6"}, {"source": "f11", "target": "f9"}, {"source": "f11", "target": "f7"}, {"source": "f11", "target": "f2"}, {"source": "f8", "target": "f5"}], "pID": "anon", "sns": false, "appID": "cnl", "friends": [{"category": ["texting_f1"], "strength": 4, "hash": null, "name": "eight", "friendNumber": "f7", "lastSeen": "month", "strengthLength": 162.90811778459096}, {"category": ["facebook_f1"], "strength": 2, "hash": null, "name": "eleven", "friendNumber": "f10", "lastSeen": "year", "strengthLength": 235.6780873134116}, {"category": ["calling_f1"], "strength": 2, "hash": null, "name": "five", "friendNumber": "f4", "lastSeen": "year", "strengthLength": 246.1735475202555}, {"category": ["calling_f2"], "strength": 6, "hash": null, "name": "four", "friendNumber": "f5", "lastSeen": "month", "strengthLength": 53.916828608028915}, {"category": ["facebook_f2"], "strength": 4, "hash": null, "name": "nine", "friendNumber": "f11", "lastSeen": "month", "strengthLength": 166.67913035886642}, {"category": ["texting_f2"], "strength": 4, "hash": null, "name": "nine", "friendNumber": "f8", "lastSeen": "month", "strengthLength": 159.69568296259786}, {"category": ["family_f1"], "strength": 3, "hash": null, "name": "one", "friendNumber": "f1", "lastSeen": "year", "strengthLength": 195.7478165618072}, {"category": ["texting_f3"], "strength": 5, "hash": null, "name": "seven", "friendNumber": "f9", "lastSeen": "year", "strengthLength": 128.79047595230472}, {"category": ["calling_f3"], "strength": 2, "hash": null, "name": "six", "friendNumber": "f6", "lastSeen": "month", "strengthLength": 237.81686657727823}, {"category": ["facebook_f3"], "strength": 2, "hash": null, "name": "ten", "friendNumber": "f12", "lastSeen": "month", "strengthLength": 240.62950006746783}, {"category": ["family_f2"], "strength": 2, "hash": null, "name": "three", "friendNumber": "f2", "lastSeen": "month", "strengthLength": 234.98440249848068}, {"category": ["family_f3"], "strength": 3, "hash": null, "name": "two", "friendNumber": "f3", "lastSeen": "month", "strengthLength": 210.1801894427214}]}