{"circles": [{"name": "soccer", "members": ["f1", "f9"]}, {"name": "work", "members": ["f9", "f2"]}], "links": [{"source": "f1", "target": "f9"}, {"source": "f9", "target": "f2"}, {"source": "f1", "target": "f9"}, {"source": "f9", "target": "f2"}], "pID": "anon", "sns": false, "appID": "cnl", "friends": [{"category": ["texting_f1"], "strength": 3, "hash": null, "name": "dad", "friendNumber": "f7", "lastSeen": "year", "strengthLength": 208.56917555511137}, {"category": ["facebook_f1"], "strength": 3, "hash": null, "name": "deux", "friendNumber": "f10", "lastSeen": "month", "strengthLength": 185.3825761153933}, {"category": ["calling_f1", "texting_f2"], "strength": 3, "hash": null, "name": "five", "friendNumber": "f4", "lastSeen": "month", "strengthLength": 191.4540565287731}, {"category": ["family_f1", "facebook_f2"], "strength": 2, "hash": null, "name": "one", "friendNumber": "f1", "lastSeen": "month", "strengthLength": 240.98208606079936}, {"category": ["texting_f3"], "strength": 3, "hash": null, "name": "sister", "friendNumber": "f9", "lastSeen": "week", "strengthLength": 180.38641276935985}, {"category": ["calling_f3"], "strength": 7, "hash": null, "name": "size", "friendNumber": "f6", "lastSeen": "year", "strengthLength": 48.96341022498757}, {"category": ["family_f2", "calling_f2"], "strength": 5, "hash": null, "name": "three", "friendNumber": "f2", "lastSeen": "year", "strengthLength": 123.16999382294081}, {"category": ["family_f3"], "strength": 3, "hash": null, "name": "two", "friendNumber": "f3", "lastSeen": "overayear", "strengthLength": 201.5173232213568}]}