{"circles": [{"name": "soccer", "members": ["f4", "f5"]}, {"name": "school", "members": ["f6", "f2", "f3"]}, {"name": "book club", "members": ["f1", "f5", "f2"]}], "pID": "anon", "friends": [{"category": ["calling_f1"], "strength": 2, "hash": null, "name": "brother", "friendNumber": "f4", "lastSeen": "week", "strengthLength": 244.27264635596632}, {"category": ["family_f1"], "strength": 3, "hash": null, "name": "dad", "friendNumber": "f1", "lastSeen": "month", "strengthLength": 195.98407082435116}, {"category": ["calling_f2", "texting_f1"], "strength": 5, "hash": null, "name": "justin", "friendNumber": "f5", "lastSeen": "month", "strengthLength": 132.63940121447246}, {"category": ["calling_f3", "facebook_f1"], "strength": 2, "hash": null, "name": "kelsey", "friendNumber": "f6", "lastSeen": "month", "strengthLength": 220.50383298642504}, {"category": ["texting_f2"], "strength": 3, "hash": null, "name": "mattie", "friendNumber": "f8", "lastSeen": "year", "strengthLength": 195.78325984480867}, {"category": ["family_f2"], "strength": 4, "hash": null, "name": "mom", "friendNumber": "f2", "lastSeen": "overayear", "strengthLength": 157.8263511985925}, {"category": ["family_f3", "facebook_f2"], "strength": 5, "hash": null, "name": "sister", "friendNumber": "f3", "lastSeen": "year", "strengthLength": 100.1504952423449}], "links": [{"source": "f4", "target": "f5"}, {"source": "f6", "target": "f2"}, {"source": "f6", "target": "f3"}, {"source": "f2", "target": "f3"}, {"source": "f1", "target": "f5"}, {"source": "f1", "target": "f2"}, {"source": "f5", "target": "f2"}, {"source": "f4", "target": "f5"}, {"source": "f6", "target": "f2"}, {"source": "f6", "target": "f3"}, {"source": "f2", "target": "f3"}, {"source": "f1", "target": "f5"}, {"source": "f1", "target": "f2"}, {"source": "f5", "target": "f2"}], "appID": "cnl"}