{"circles": [{"name": "Soccer", "members": ["f7", "f8"]}, {"name": "home", "members": ["f3", "f4"]}], "pID": "anon", "friends": [{"category": ["facebook_f6"], "strength": 2, "hash": "00a8bdca4002357c0fc62c1ec21d2923", "name": "Amy C.", "friendNumber": "f3", "lastSeen": "week", "strengthLength": 233.41349388050796}, {"category": ["family_f1", "facebook_f4"], "strength": 2, "hash": null, "name": "dad", "friendNumber": "f1", "lastSeen": "week", "strengthLength": 222.4423727958536}, {"category": ["facebook_f2"], "strength": 6, "hash": "0aecff90dcda167e3bb6e20362b75ce1", "name": "Joanna P.", "friendNumber": "f4", "lastSeen": "week", "strengthLength": 86.8489770315192}, {"category": ["facebook_f7"], "strength": 7, "hash": "93396dee43ca80ff692ef47322870dfa", "name": "Katie T.", "friendNumber": "f6", "lastSeen": "week", "strengthLength": 46.84913370940903}, {"category": ["facebook_f3"], "strength": 5, "hash": "208f7c7bccfe522d8840909c51e17f4b", "name": "Kelsey D.", "friendNumber": "f7", "lastSeen": "week", "strengthLength": 131.31440645467757}, {"category": ["facebook_f5"], "strength": 4, "hash": "9c1ce2e91f8bfbfc0363e31d7beab74a", "name": "Kyla W.", "friendNumber": "f8", "lastSeen": "week", "strengthLength": 153.86470209176963}, {"category": ["family_f2", "facebook_f1"], "strength": 4, "hash": null, "name": "mom", "friendNumber": "f2", "lastSeen": "week", "strengthLength": 151.74116106526313}], "links": [{"source": {"index": 4, "name": "Kelsey D.", "weight": 1, "px": 909.7166514534038, "py": 279.36373685952276, "y": 279.36373685952276, "x": 909.7166514534038, "id": "f7"}, "target": {"index": 5, "name": "Kyla W.", "weight": 2, "px": 909.7166514534038, "py": 279.36373685952276, "y": 279.36373685952276, "x": 909.7166514534038, "id": "f8"}}, {"source": {"index": 2, "name": "Joanna P.", "weight": 1, "px": 292.02786213182844, "py": 138.2617618655786, "y": 138.2617618655786, "x": 292.02786213182844, "id": "f4"}, "target": {"index": 3, "name": "Katie T.", "weight": 2, "px": 292.02786213182844, "py": 138.2617618655786, "y": 138.2617618655786, "x": 292.02786213182844, "id": "f6"}}, {"source": {"index": 1, "name": "dad", "weight": 2, "px": 810.9912403109483, "py": 175.63675134442747, "y": 175.63675134442747, "x": 810.9912403109483, "id": "f1"}, "target": {"index": 6, "name": "mom", "weight": 1, "px": 810.9912403109483, "py": 175.63675134442747, "y": 175.63675134442747, "x": 810.9912403109483, "id": "f2"}}, {"source": {"index": 0, "name": "Amy C.", "weight": 3, "px": 810.9912403109483, "py": 175.63675134442747, "y": 175.63675134442747, "x": 810.9912403109483, "id": "f3"}, "target": {"index": 3, "name": "Katie T.", "weight": 2, "px": 292.02786213182844, "py": 138.2617618655786, "y": 138.2617618655786, "x": 292.02786213182844, "id": "f6"}}, {"source": {"index": 0, "name": "Amy C.", "weight": 3, "px": 810.9912403109483, "py": 175.63675134442747, "y": 175.63675134442747, "x": 810.9912403109483, "id": "f3"}, "target": {"index": 5, "name": "Kyla W.", "weight": 2, "px": 909.7166514534038, "py": 279.36373685952276, "y": 279.36373685952276, "x": 909.7166514534038, "id": "f8"}}, {"source": {"index": 0, "name": "Amy C.", "weight": 3, "px": 810.9912403109483, "py": 175.63675134442747, "y": 175.63675134442747, "x": 810.9912403109483, "id": "f3"}, "target": {"index": 1, "name": "dad", "weight": 2, "px": 810.9912403109483, "py": 175.63675134442747, "y": 175.63675134442747, "x": 810.9912403109483, "id": "f1"}}], "appID": "cnl"}