{"circles": [], "links": [{"source": "f2", "target": "f4"}, {"source": "f4", "target": "f3"}], "pID": "anon", "sns": false, "appID": "cnl", "friends": [{"category": ["calling_f1"], "strength": 3, "hash": null, "name": "justin", "friendNumber": "f2", "lastSeen": "week", "strengthLength": 208.70843962340845}, {"category": ["facebook_f1"], "strength": 2, "hash": null, "name": "justin", "friendNumber": "f4", "lastSeen": "month", "strengthLength": 235.89759509962815}, {"category": ["texting_f1"], "strength": 4, "hash": null, "name": "kelsey", "friendNumber": "f3", "lastSeen": "year", "strengthLength": 166.9264663903215}, {"category": ["family_f1"], "strength": 4, "hash": null, "name": "mom", "friendNumber": "f1", "lastSeen": "month", "strengthLength": 144.27772641054835}]}