{"circles": [{"name": "soce", "members": ["f1", "f6"]}], "pID": "anon", "friends": [{"category": ["calling_f1"], "strength": 5, "hash": null, "name": "ad;fa", "friendNumber": "f4", "lastSeen": "week", "strengthLength": 123.72705757239085}, {"category": ["family_f1"], "strength": 3, "hash": null, "name": "dad", "friendNumber": "f1", "lastSeen": "week", "strengthLength": 200.6905992308674}, {"category": ["family_f2"], "strength": 7, "hash": null, "name": "mom", "friendNumber": "f2", "lastSeen": "week", "strengthLength": 38.07532776588822}, {"category": ["calling_f2"], "strength": 3, "hash": null, "name": "mom", "friendNumber": "f5", "lastSeen": "week", "strengthLength": 202.97814311089454}, {"category": ["calling_f3"], "strength": 3, "hash": null, "name": "sda", "friendNumber": "f6", "lastSeen": "week", "strengthLength": 193.83049532222552}, {"category": ["family_f3"], "strength": 4, "hash": null, "name": "sister", "friendNumber": "f3", "lastSeen": "week", "strengthLength": 156.68999111046602}], "links": [{"source": {"index": 1, "name": "dad", "weight": 2, "px": 727.586126489332, "py": 24.49847524985671, "y": 24.49847524985671, "x": 727.586126489332, "id": "f1"}, "target": {"index": 4, "name": "sda", "weight": 1, "px": 727.586126489332, "py": 24.49847524985671, "y": 24.49847524985671, "x": 727.586126489332, "id": "f6"}}, {"source": {"index": 0, "name": "ad;fa", "weight": 3, "px": 727.586126489332, "py": 24.49847524985671, "y": 24.49847524985671, "x": 727.586126489332, "id": "f4"}, "target": {"index": 5, "name": "sister", "weight": 1, "px": 727.586126489332, "py": 24.49847524985671, "y": 24.49847524985671, "x": 727.586126489332, "id": "f3"}}, {"source": {"index": 0, "name": "ad;fa", "weight": 3, "px": 727.586126489332, "py": 24.49847524985671, "y": 24.49847524985671, "x": 727.586126489332, "id": "f4"}, "target": {"index": 1, "name": "dad", "weight": 2, "px": 727.586126489332, "py": 24.49847524985671, "y": 24.49847524985671, "x": 727.586126489332, "id": "f1"}}, {"source": {"index": 0, "name": "ad;fa", "weight": 3, "px": 727.586126489332, "py": 24.49847524985671, "y": 24.49847524985671, "x": 727.586126489332, "id": "f4"}, "target": {"index": 2, "name": "mom", "weight": 1, "px": 727.586126489332, "py": 24.49847524985671, "y": 24.49847524985671, "x": 727.586126489332, "id": "f2"}}], "appID": "cnl"}