{"circles": [], "pID": "anon", "friends": [{"category": ["family_f1"], "strength": 3, "hash": null, "name": "dad", "friendNumber": "f1", "lastSeen": "month", "strengthLength": 209.821232994294}, {"category": ["calling_f1"], "strength": 2, "hash": null, "name": "kelse", "friendNumber": "f3", "lastSeen": "year", "strengthLength": 224.407607092846}, {"category": ["family_f2"], "strength": 3, "hash": null, "name": "mom", "friendNumber": "f2", "lastSeen": "year", "strengthLength": 204.5584175504874}, {"category": ["calling_f2"], "strength": 4, "hash": null, "name": "siter", "friendNumber": "f4", "lastSeen": "year", "strengthLength": 146.22256519110354}], "links": [{"source": "f1", "target": "f4"}, {"source": "f1", "target": "f2"}], "appID": "cnl"}