{"circles": [{"name": "home", "members": ["f7", "f8"]}], "pID": "anon", "friends": [{"category": ["calling_f1"], "strength": 2, "hash": null, "name": "brother", "friendNumber": "f4", "lastSeen": "month", "strengthLength": 229.66949278838152}, {"category": ["family_f1"], "strength": 6, "hash": null, "name": "dad", "friendNumber": "f1", "lastSeen": "year", "strengthLength": 70.47864104999421}, {"category": ["calling_f2"], "strength": 4, "hash": null, "name": "dog cat", "friendNumber": "f5", "lastSeen": "month", "strengthLength": 160.24592254943025}, {"category": ["texting_f1"], "strength": 4, "hash": null, "name": "justing", "friendNumber": "f6", "lastSeen": "month", "strengthLength": 166.04535019635864}, {"category": ["texting_f2"], "strength": 5, "hash": null, "name": "kelsey", "friendNumber": "f7", "lastSeen": "month", "strengthLength": 123.94328045975517}, {"category": ["texting_f3"], "strength": 5, "hash": null, "name": "mattie", "friendNumber": "f8", "lastSeen": "month", "strengthLength": 133.28499497942548}, {"category": ["family_f2"], "strength": 4, "hash": null, "name": "mom", "friendNumber": "f2", "lastSeen": "month", "strengthLength": 169.52033370415}, {"category": ["family_f3"], "strength": 4, "hash": null, "name": "siser", "friendNumber": "f3", "lastSeen": "year", "strengthLength": 154.91194270223832}, {"category": ["facebook_f1"], "strength": 3, "hash": null, "name": "that girl", "friendNumber": "f9", "lastSeen": "year", "strengthLength": 185.6188166666978}, {"category": ["facebook_f2"], "strength": 4, "hash": null, "name": "that guy", "friendNumber": "f10", "lastSeen": "overayear", "strengthLength": 153.19734876140677}], "links": [{"source": {"index": 4, "name": "kelsey", "weight": 2, "px": 920.9250167172868, "py": 40.24546057917178, "y": 40.24546057917178, "x": 920.9250167172868, "id": "f7"}, "target": {"index": 5, "name": "mattie", "weight": 1, "px": 920.9250167172868, "py": 40.24546057917178, "y": 40.24546057917178, "x": 920.9250167172868, "id": "f8"}}, {"source": {"index": 0, "name": "brother", "weight": 2, "px": 920.9250167172868, "py": 40.24546057917178, "y": 40.24546057917178, "x": 920.9250167172868, "id": "f4"}, "target": {"index": 4, "name": "kelsey", "weight": 2, "px": 920.9250167172868, "py": 40.24546057917178, "y": 40.24546057917178, "x": 920.9250167172868, "id": "f7"}}, {"source": {"index": 0, "name": "brother", "weight": 2, "px": 920.9250167172868, "py": 40.24546057917178, "y": 40.24546057917178, "x": 920.9250167172868, "id": "f4"}, "target": {"index": 6, "name": "mom", "weight": 1, "px": 920.9250167172868, "py": 40.24546057917178, "y": 40.24546057917178, "x": 920.9250167172868, "id": "f2"}}], "appID": "cnl"}