{"circles": [{"name": "soccer", "members": ["f4", "f8", "f5"]}, {"name": "home", "members": ["f7", "f6", "f2"]}], "links": [{"source": "f4", "target": "f8"}, {"source": "f4", "target": "f5"}, {"source": "f8", "target": "f5"}, {"source": "f7", "target": "f6"}, {"source": "f7", "target": "f2"}, {"source": "f6", "target": "f2"}, {"source": "f4", "target": "f8"}, {"source": "f4", "target": "f5"}, {"source": "f8", "target": "f5"}, {"source": "f7", "target": "f6"}, {"source": "f7", "target": "f2"}, {"source": "f6", "target": "f2"}, {"source": "f1", "target": "f6"}, {"source": "f1", "target": "f9"}, {"source": "f7", "target": "f3"}, {"source": "f7", "target": "f5"}, {"source": "f4", "target": "f3"}, {"source": "f8", "target": "f7"}], "pID": "anon", "sns": false, "appID": "cnl", "friends": [{"category": ["calling_f1"], "strength": 4, "hash": null, "name": "dad", "friendNumber": "f1", "lastSeen": "week", "strengthLength": 179.8094827263833}, {"category": ["facebook_f1"], "strength": 7, "hash": null, "name": "joanna", "friendNumber": "f7", "lastSeen": "month", "strengthLength": 39.62124809840925}, {"category": ["texting_f1"], "strength": 6, "hash": null, "name": "justin", "friendNumber": "f4", "lastSeen": "month", "strengthLength": 89.44110714670416}, {"category": ["facebook_f2"], "strength": 3, "hash": null, "name": "justin", "friendNumber": "f8", "lastSeen": "month", "strengthLength": 204.00579629221622}, {"category": ["texting_f2"], "strength": 5, "hash": null, "name": "kelsey", "friendNumber": "f5", "lastSeen": "week", "strengthLength": 125.10692826041505}, {"category": ["facebook_f3"], "strength": 4, "hash": null, "name": "kyla", "friendNumber": "f9", "lastSeen": "year", "strengthLength": 167.33040847129814}, {"category": ["texting_f3"], "strength": 3, "hash": null, "name": "mattie", "friendNumber": "f6", "lastSeen": "year", "strengthLength": 189.5317161138371}, {"category": ["calling_f2"], "strength": 4, "hash": null, "name": "mom", "friendNumber": "f2", "lastSeen": "month", "strengthLength": 174.10407662713615}, {"category": ["calling_f3"], "strength": 6, "hash": null, "name": "sister", "friendNumber": "f3", "lastSeen": "year", "strengthLength": 57.74998040181186}]}