{"circles": [{"name": "soccer", "members": ["f9", "f6"]}, {"name": "work", "members": ["f8", "f3"]}, {"name": "clss", "members": ["f1", "f7", "f10"]}], "links": [{"source": "f9", "target": "f6"}, {"source": "f8", "target": "f3"}, {"source": "f1", "target": "f7"}, {"source": "f1", "target": "f10"}, {"source": "f7", "target": "f10"}, {"source": "f9", "target": "f6"}, {"source": "f8", "target": "f3"}, {"source": "f1", "target": "f10"}, {"source": "f7", "target": "f10"}, {"source": "f1", "target": "f9"}], "pID": "anon", "sns": false, "appID": "cnl", "friends": [{"category": ["family_f1"], "strength": 3, "hash": null, "name": "dad", "friendNumber": "f1", "lastSeen": "month", "strengthLength": 192.9218621740176}, {"category": ["texting_f1"], "strength": 4, "hash": null, "name": "justin", "friendNumber": "f7", "lastSeen": "year", "strengthLength": 158.0834220925228}, {"category": ["facebook_f1"], "strength": 6, "hash": null, "name": "justin", "friendNumber": "f9", "lastSeen": "month", "strengthLength": 61.554062447830525}, {"category": ["calling_f2"], "strength": 3, "hash": null, "name": "kelsey", "friendNumber": "f5", "lastSeen": "week", "strengthLength": 216.34649514982075}, {"category": ["facebook_f2"], "strength": 4, "hash": null, "name": "kelsey", "friendNumber": "f10", "lastSeen": "month", "strengthLength": 145.1933647155358}, {"category": ["calling_f3"], "strength": 4, "hash": null, "name": "matti", "friendNumber": "f6", "lastSeen": "year", "strengthLength": 153.10758144592214}, {"category": ["texting_f2"], "strength": 5, "hash": null, "name": "mattie", "friendNumber": "f8", "lastSeen": "year", "strengthLength": 137.9640547487525}, {"category": ["facebook_f3"], "strength": 4, "hash": null, "name": "mattie", "friendNumber": "f11", "lastSeen": "year", "strengthLength": 156.9247372764354}, {"category": ["family_f3", "calling_f1", "family_f2"], "strength": 5, "hash": null, "name": "sister", "friendNumber": "f3", "lastSeen": "overayear", "strengthLength": 124.47582205290578}]}