{"circles": [], "pID": "anon", "friends": [{"category": ["calling_f1"], "strength": 4, "hash": null, "name": "Humberto", "friendNumber": "f2", "lastSeen": "year", "strengthLength": 156.80906973091484}, {"category": ["texting_f1"], "strength": 5, "hash": null, "name": "Marni", "friendNumber": "f3", "lastSeen": "year", "strengthLength": 138.7296788723887}, {"category": ["facebook_f1"], "strength": 3, "hash": null, "name": "Ruth", "friendNumber": "f4", "lastSeen": "month", "strengthLength": 181.3777541773102}, {"category": ["family_f1"], "strength": 3, "hash": null, "name": "Werner", "friendNumber": "f1", "lastSeen": "year", "strengthLength": 195.85624727419585}], "links": [{"source": {"index": 0, "name": "Humberto", "weight": 1, "px": 376.6084094666876, "py": 91.98573953472078, "y": 91.98573953472078, "x": 376.6084094666876, "id": "f2"}, "target": {"index": 3, "name": "Werner", "weight": 1, "px": 376.6084094666876, "py": 91.98573953472078, "y": 91.98573953472078, "x": 376.6084094666876, "id": "f1"}}, {"source": {"index": 1, "name": "Marni", "weight": 1, "px": 674.5357013340108, "py": 44.28951255977154, "y": 44.28951255977154, "x": 674.5357013340108, "id": "f3"}, "target": {"index": 2, "name": "Ruth", "weight": 1, "px": 674.5357013340108, "py": 44.28951255977154, "y": 44.28951255977154, "x": 674.5357013340108, "id": "f4"}}], "appID": "cnl"}