{"circles": [{"name": "soccer", "members": ["f6", "f69", "f9", "f34"]}], "links": [{"source": "f6", "target": "f69"}, {"source": "f6", "target": "f9"}, {"source": "f6", "target": "f34"}, {"source": "f69", "target": "f9"}, {"source": "f69", "target": "f34"}, {"source": "f9", "target": "f34"}, {"source": "f6", "target": "f69"}, {"source": "f6", "target": "f9"}, {"source": "f6", "target": "f34"}, {"source": "f69", "target": "f9"}, {"source": "f69", "target": "f34"}, {"source": "f9", "target": "f34"}, {"source": "f61", "target": "f62"}, {"source": "f61", "target": "f77"}, {"source": "f61", "target": "f70"}, {"source": "f62", "target": "f19"}, {"source": "f62", "target": "f5"}, {"source": "f62", "target": "f71"}, {"source": "f63", "target": "f56"}, {"source": "f63", "target": "f55"}, {"source": "f63", "target": "f16"}, {"source": "f63", "target": "f72"}, {"source": "f21", "target": "f65"}, {"source": "f21", "target": "f50"}, {"source": "f21", "target": "f78"}, {"source": "f41", "target": "f77"}, {"source": "f41", "target": "f38"}, {"source": "f41", "target": "f80"}, {"source": "f1", "target": "f11"}, {"source": "f1", "target": "f53"}, {"source": "f1", "target": "f66"}, {"source": "f1", "target": "f30"}], "pID": "anon", "sns": false, "appID": "cnl", "friends": [{"category": ["facebook_f1"], "strength": 3, "hash": null, "name": "Afton", "friendNumber": "f61", "lastSeen": "month", "strengthLength": 208.3849644788913}, {"category": ["facebook_f2"], "strength": 4, "hash": null, "name": "Alberto", "friendNumber": "f62", "lastSeen": "year", "strengthLength": 165.66929516590895}, {"category": ["facebook_f3"], "strength": 2, "hash": null, "name": "Alida", "friendNumber": "f63", "lastSeen": "year", "strengthLength": 225.17816987269705}, {"category": ["calling_f1"], "strength": 2, "hash": null, "name": "Antonetta", "friendNumber": "f21", "lastSeen": "year", "strengthLength": 220.40583887724537}, {"category": ["texting_f1"], "strength": 4, "hash": null, "name": "Argelia", "friendNumber": "f41", "lastSeen": "month", "strengthLength": 155.39251977626853}, {"category": ["family_f1"], "strength": 6, "hash": null, "name": "Ashly", "friendNumber": "f1", "lastSeen": "month", "strengthLength": 99.57158574399287}, {"category": ["texting_f2"], "strength": 3, "hash": null, "name": "Azalee", "friendNumber": "f42", "lastSeen": "month", "strengthLength": 211.22571557834408}, {"category": ["family_f2"], "strength": 4, "hash": null, "name": "Bart", "friendNumber": "f2", "lastSeen": "month", "strengthLength": 149.437443810993}, {"category": ["texting_f3"], "strength": 3, "hash": null, "name": "Belia", "friendNumber": "f43", "lastSeen": "month", "strengthLength": 197.97664028537085}, {"category": ["family_f3"], "strength": 7, "hash": null, "name": "Carissa", "friendNumber": "f3", "lastSeen": "month", "strengthLength": 25.502219881787774}, {"category": ["calling_f2"], "strength": 4, "hash": null, "name": "Carri", "friendNumber": "f22", "lastSeen": "month", "strengthLength": 179.45715541309443}, {"category": ["calling_f3"], "strength": 3, "hash": null, "name": "Catherine", "friendNumber": "f23", "lastSeen": "year", "strengthLength": 216.3984076018661}, {"category": ["texting_f4"], "strength": 3, "hash": null, "name": "Celena", "friendNumber": "f44", "lastSeen": "year", "strengthLength": 219.3719073257209}, {"category": ["calling_f4"], "strength": 2, "hash": null, "name": "Crysta", "friendNumber": "f24", "lastSeen": "year", "strengthLength": 239.46121372043797}, {"category": ["facebook_f4"], "strength": 2, "hash": null, "name": "Curtis", "friendNumber": "f64", "lastSeen": "year", "strengthLength": 237.3938169752714}, {"category": ["family_f4"], "strength": 3, "hash": null, "name": "Dee", "friendNumber": "f4", "lastSeen": "month", "strengthLength": 208.4587760242212}, {"category": ["family_f5"], "strength": 5, "hash": null, "name": "Deloris", "friendNumber": "f5", "lastSeen": "month", "strengthLength": 112.76105498330118}, {"category": ["calling_f5"], "strength": 6, "hash": null, "name": "Dorothy", "friendNumber": "f25", "lastSeen": "month", "strengthLength": 95.0838450748594}, {"category": ["facebook_f5"], "strength": 3, "hash": null, "name": "Earline", "friendNumber": "f65", "lastSeen": "month", "strengthLength": 192.3587631833836}, {"category": ["facebook_f6"], "strength": 3, "hash": null, "name": "Eleanor", "friendNumber": "f66", "lastSeen": "month", "strengthLength": 185.68379856379954}, {"category": ["family_f6"], "strength": 3, "hash": null, "name": "Elvin", "friendNumber": "f6", "lastSeen": "year", "strengthLength": 215.61948345006184}, {"category": ["facebook_f7"], "strength": 2, "hash": null, "name": "Elyse", "friendNumber": "f67", "lastSeen": "year", "strengthLength": 221.87771212727318}, {"category": ["calling_f6"], "strength": 4, "hash": null, "name": "Emelina", "friendNumber": "f26", "lastSeen": "month", "strengthLength": 179.0896470163423}, {"category": ["texting_f5"], "strength": 4, "hash": null, "name": "Evelia", "friendNumber": "f45", "lastSeen": "year", "strengthLength": 154.50959196170007}, {"category": ["family_f7"], "strength": 4, "hash": null, "name": "Evelin", "friendNumber": "f7", "lastSeen": "year", "strengthLength": 176.7989630876665}, {"category": ["facebook_f8"], "strength": 3, "hash": null, "name": "Felica", "friendNumber": "f68", "lastSeen": "year", "strengthLength": 212.19150503022937}, {"category": ["family_f8"], "strength": 6, "hash": null, "name": "Fredia", "friendNumber": "f8", "lastSeen": "year", "strengthLength": 69.57293916080293}, {"category": ["facebook_f9"], "strength": 6, "hash": null, "name": "Georgette", "friendNumber": "f69", "lastSeen": "year", "strengthLength": 57.61700705870992}, {"category": ["calling_f7"], "strength": 4, "hash": null, "name": "Houston", "friendNumber": "f27", "lastSeen": "year", "strengthLength": 179.06026113995893}, {"category": ["family_f9"], "strength": 3, "hash": null, "name": "Humberto", "friendNumber": "f9", "lastSeen": "month", "strengthLength": 183.52923278313366}, {"category": ["family_f10"], "strength": 3, "hash": null, "name": "Isidra", "friendNumber": "f10", "lastSeen": "month", "strengthLength": 189.2046344200808}, {"category": ["texting_f6"], "strength": 3, "hash": null, "name": "Izola", "friendNumber": "f46", "lastSeen": "month", "strengthLength": 208.39792344119437}, {"category": ["texting_f7"], "strength": 3, "hash": null, "name": "Jefferson", "friendNumber": "f47", "lastSeen": "year", "strengthLength": 195.30476617005542}, {"category": ["calling_f8"], "strength": 4, "hash": null, "name": "Jeromy", "friendNumber": "f28", "lastSeen": "year", "strengthLength": 143.8841674234316}, {"category": ["calling_f9"], "strength": 4, "hash": null, "name": "Joane", "friendNumber": "f29", "lastSeen": "month", "strengthLength": 143.89581418354877}, {"category": ["texting_f8"], "strength": 3, "hash": null, "name": "Josette", "friendNumber": "f48", "lastSeen": "month", "strengthLength": 180.81245372128654}, {"category": ["facebook_f10"], "strength": 5, "hash": null, "name": "Julianne", "friendNumber": "f70", "lastSeen": "month", "strengthLength": 125.7964088860041}, {"category": ["facebook_f11"], "strength": 4, "hash": null, "name": "Justa", "friendNumber": "f71", "lastSeen": "year", "strengthLength": 169.87204879489377}, {"category": ["texting_f9"], "strength": 2, "hash": null, "name": "Kary", "friendNumber": "f49", "lastSeen": "year", "strengthLength": 226.23161385754128}, {"category": ["calling_f10"], "strength": 4, "hash": null, "name": "Keith", "friendNumber": "f30", "lastSeen": "month", "strengthLength": 155.18179988608443}, {"category": ["texting_f10"], "strength": 3, "hash": null, "name": "Korey", "friendNumber": "f50", "lastSeen": "month", "strengthLength": 211.61535812235624}, {"category": ["texting_f11"], "strength": 3, "hash": null, "name": "Laree", "friendNumber": "f51", "lastSeen": "month", "strengthLength": 199.81819411351697}, {"category": ["calling_f11"], "strength": 6, "hash": null, "name": "Leida", "friendNumber": "f31", "lastSeen": "month", "strengthLength": 71.55191218513674}, {"category": ["texting_f12"], "strength": 4, "hash": null, "name": "Letitia", "friendNumber": "f52", "lastSeen": "month", "strengthLength": 170.42795107925713}, {"category": ["facebook_f12"], "strength": 3, "hash": null, "name": "Librada", "friendNumber": "f72", "lastSeen": "month", "strengthLength": 188.08293842506856}, {"category": ["texting_f13"], "strength": 2, "hash": null, "name": "Liliana", "friendNumber": "f53", "lastSeen": "month", "strengthLength": 231.6895231875678}, {"category": ["calling_f12"], "strength": 5, "hash": null, "name": "Lu", "friendNumber": "f32", "lastSeen": "month", "strengthLength": 130.69326394342787}, {"category": ["calling_f13"], "strength": 6, "hash": null, "name": "Mandie", "friendNumber": "f33", "lastSeen": "month", "strengthLength": 87.69978367571994}, {"category": ["calling_f14"], "strength": 4, "hash": null, "name": "Maritza", "friendNumber": "f34", "lastSeen": "month", "strengthLength": 177.3457182021666}, {"category": ["family_f11"], "strength": 4, "hash": null, "name": "Marni", "friendNumber": "f11", "lastSeen": "month", "strengthLength": 145.40522830309888}, {"category": ["calling_f15"], "strength": 3, "hash": null, "name": "Martin", "friendNumber": "f35", "lastSeen": "week", "strengthLength": 182.47115673715044}, {"category": ["texting_f14"], "strength": 5, "hash": null, "name": "Maurine", "friendNumber": "f54", "lastSeen": "month", "strengthLength": 106.33231876160107}, {"category": ["calling_f16"], "strength": 5, "hash": null, "name": "Megan", "friendNumber": "f36", "lastSeen": "year", "strengthLength": 118.43743116190849}, {"category": ["facebook_f13"], "strength": 3, "hash": null, "name": "Melvin", "friendNumber": "f73", "lastSeen": "year", "strengthLength": 219.21033593037527}, {"category": ["family_f12"], "strength": 2, "hash": null, "name": "Mignon", "friendNumber": "f12", "lastSeen": "year", "strengthLength": 247.7855067762482}, {"category": ["calling_f17"], "strength": 3, "hash": null, "name": "Minna", "friendNumber": "f37", "lastSeen": "overayear", "strengthLength": 206.99923169027582}, {"category": ["facebook_f14"], "strength": 4, "hash": null, "name": "Monika", "friendNumber": "f74", "lastSeen": "year", "strengthLength": 164.1531706235558}, {"category": ["facebook_f15"], "strength": 3, "hash": null, "name": "Nicki", "friendNumber": "f75", "lastSeen": "year", "strengthLength": 193.7014500076453}, {"category": ["family_f13"], "strength": 5, "hash": null, "name": "Pa", "friendNumber": "f13", "lastSeen": "year", "strengthLength": 116.90273213182061}, {"category": ["texting_f15"], "strength": 3, "hash": null, "name": "Reid", "friendNumber": "f55", "lastSeen": "month", "strengthLength": 214.02320986133756}, {"category": ["calling_f18"], "strength": 4, "hash": null, "name": "Roy", "friendNumber": "f38", "lastSeen": "year", "strengthLength": 153.51024379617078}, {"category": ["family_f14"], "strength": 4, "hash": null, "name": "Ruth", "friendNumber": "f14", "lastSeen": "year", "strengthLength": 146.00123376992437}, {"category": ["texting_f16"], "strength": 3, "hash": null, "name": "Rutha", "friendNumber": "f56", "lastSeen": "year", "strengthLength": 197.53996812191323}, {"category": ["texting_f17"], "strength": 3, "hash": null, "name": "Ryann", "friendNumber": "f57", "lastSeen": "month", "strengthLength": 207.58458908174495}, {"category": ["facebook_f16"], "strength": 5, "hash": null, "name": "Sacha", "friendNumber": "f76", "lastSeen": "month", "strengthLength": 112.44135400738807}, {"category": ["family_f15"], "strength": 3, "hash": null, "name": "Shantelle", "friendNumber": "f15", "lastSeen": "month", "strengthLength": 188.33966260785544}, {"category": ["texting_f18"], "strength": 3, "hash": null, "name": "Sharri", "friendNumber": "f58", "lastSeen": "year", "strengthLength": 211.5684953941476}, {"category": ["family_f16"], "strength": 2, "hash": null, "name": "Sophie", "friendNumber": "f16", "lastSeen": "year", "strengthLength": 259.9824365699332}, {"category": ["facebook_f17"], "strength": 4, "hash": null, "name": "Stefany", "friendNumber": "f77", "lastSeen": "year", "strengthLength": 153.30116375843744}, {"category": ["calling_f19"], "strength": 5, "hash": null, "name": "Steven", "friendNumber": "f39", "lastSeen": "month", "strengthLength": 139.94368923346036}, {"category": ["family_f17"], "strength": 5, "hash": null, "name": "Suk", "friendNumber": "f17", "lastSeen": "month", "strengthLength": 116.71591889493585}, {"category": ["texting_f19"], "strength": 5, "hash": null, "name": "Suzy", "friendNumber": "f59", "lastSeen": "year", "strengthLength": 110.80529245776872}, {"category": ["texting_f20"], "strength": 4, "hash": null, "name": "Tennille", "friendNumber": "f60", "lastSeen": "year", "strengthLength": 151.78644825948288}, {"category": ["facebook_f18"], "strength": 3, "hash": null, "name": "Terrie", "friendNumber": "f78", "lastSeen": "month", "strengthLength": 205.14903086389808}, {"category": ["calling_f20"], "strength": 5, "hash": null, "name": "Ulysses", "friendNumber": "f40", "lastSeen": "month", "strengthLength": 111.89340719466931}, {"category": ["facebook_f19"], "strength": 6, "hash": null, "name": "Vanetta", "friendNumber": "f79", "lastSeen": "month", "strengthLength": 53.861221923465486}, {"category": ["family_f18"], "strength": 5, "hash": null, "name": "Vito", "friendNumber": "f18", "lastSeen": "month", "strengthLength": 105.83238112484302}, {"category": ["family_f19"], "strength": 3, "hash": null, "name": "Werner", "friendNumber": "f19", "lastSeen": "month", "strengthLength": 188.17034800690178}, {"category": ["facebook_f20"], "strength": 5, "hash": null, "name": "Yoko", "friendNumber": "f80", "lastSeen": "month", "strengthLength": 108.03039069706541}, {"category": ["family_f20"], "strength": 4, "hash": null, "name": "Yun", "friendNumber": "f20", "lastSeen": "month", "strengthLength": 176.4216306685896}]}