{"circles": [{"name": "home", "members": ["f1", "f5"]}, {"name": "book club", "members": ["f4", "f6"]}], "links": [{"source": "f1", "target": "f5"}, {"source": "f4", "target": "f6"}, {"source": "f1", "target": "f5"}, {"source": "f4", "target": "f6"}, {"source": "f1", "target": "f2"}, {"source": "f1", "target": "f3"}, {"source": "f7", "target": "f8"}, {"source": "f7", "target": "f6"}, {"source": "f3", "target": "f6"}, {"source": "f3", "target": "f2"}, {"source": "f5", "target": "f6"}, {"source": "f5", "target": "f4"}], "pID": "anon", "sns": false, "appID": "cnl", "friends": [{"category": ["family_f1"], "strength": 6, "hash": null, "name": "dad", "friendNumber": "f1", "lastSeen": "month", "strengthLength": 95.1742506776312}, {"category": ["facebook_f1"], "strength": 6, "hash": null, "name": "joe", "friendNumber": "f7", "lastSeen": "year", "strengthLength": 58.73415089671924}, {"category": ["calling_f1"], "strength": 4, "hash": null, "name": "justin", "friendNumber": "f3", "lastSeen": "month", "strengthLength": 177.66711361716915}, {"category": ["texting_f1"], "strength": 4, "hash": null, "name": "justin", "friendNumber": "f5", "lastSeen": "month", "strengthLength": 153.87854385082053}, {"category": ["calling_f2"], "strength": 3, "hash": null, "name": "kelsey", "friendNumber": "f4", "lastSeen": "year", "strengthLength": 200.5016570022925}, {"category": ["facebook_f2"], "strength": 3, "hash": null, "name": "kelsey", "friendNumber": "f8", "lastSeen": "year", "strengthLength": 219.0162179376848}, {"category": ["texting_f2"], "strength": 3, "hash": null, "name": "mattie", "friendNumber": "f6", "lastSeen": "year", "strengthLength": 200.34952855271138}, {"category": ["family_f2"], "strength": 4, "hash": null, "name": "mom", "friendNumber": "f2", "lastSeen": "overayear", "strengthLength": 177.59651633324805}]}