{"circles": [{"name": "work", "members": ["f21", "f44", "f8", "f30", "f38"]}, {"name": "soccer", "members": ["f3", "f65", "f67", "f27", "f12"]}, {"name": "home", "members": ["f24", "f66", "f67", "f73", "f14", "f77", "f40", "f79", "f19", "f20"]}], "links": [{"source": "f21", "target": "f44"}, {"source": "f21", "target": "f8"}, {"source": "f21", "target": "f30"}, {"source": "f21", "target": "f38"}, {"source": "f44", "target": "f8"}, {"source": "f44", "target": "f30"}, {"source": "f44", "target": "f38"}, {"source": "f8", "target": "f30"}, {"source": "f8", "target": "f38"}, {"source": "f30", "target": "f38"}, {"source": "f3", "target": "f65"}, {"source": "f3", "target": "f67"}, {"source": "f3", "target": "f27"}, {"source": "f3", "target": "f12"}, {"source": "f65", "target": "f67"}, {"source": "f65", "target": "f27"}, {"source": "f65", "target": "f12"}, {"source": "f67", "target": "f27"}, {"source": "f67", "target": "f12"}, {"source": "f27", "target": "f12"}, {"source": "f24", "target": "f66"}, {"source": "f24", "target": "f67"}, {"source": "f24", "target": "f73"}, {"source": "f24", "target": "f14"}, {"source": "f24", "target": "f77"}, {"source": "f24", "target": "f40"}, {"source": "f24", "target": "f79"}, {"source": "f24", "target": "f19"}, {"source": "f24", "target": "f20"}, {"source": "f66", "target": "f67"}, {"source": "f66", "target": "f73"}, {"source": "f66", "target": "f14"}, {"source": "f66", "target": "f77"}, {"source": "f66", "target": "f40"}, {"source": "f66", "target": "f79"}, {"source": "f66", "target": "f19"}, {"source": "f66", "target": "f20"}, {"source": "f67", "target": "f73"}, {"source": "f67", "target": "f14"}, {"source": "f67", "target": "f77"}, {"source": "f67", "target": "f40"}, {"source": "f67", "target": "f79"}, {"source": "f67", "target": "f19"}, {"source": "f67", "target": "f20"}, {"source": "f73", "target": "f14"}, {"source": "f73", "target": "f77"}, {"source": "f73", "target": "f40"}, {"source": "f73", "target": "f79"}, {"source": "f73", "target": "f19"}, {"source": "f73", "target": "f20"}, {"source": "f14", "target": "f77"}, {"source": "f14", "target": "f40"}, {"source": "f14", "target": "f79"}, {"source": "f14", "target": "f19"}, {"source": "f14", "target": "f20"}, {"source": "f77", "target": "f40"}, {"source": "f77", "target": "f79"}, {"source": "f77", "target": "f19"}, {"source": "f77", "target": "f20"}, {"source": "f40", "target": "f79"}, {"source": "f40", "target": "f19"}, {"source": "f40", "target": "f20"}, {"source": "f79", "target": "f19"}, {"source": "f79", "target": "f20"}, {"source": "f19", "target": "f20"}, {"source": "f21", "target": "f44"}, {"source": "f21", "target": "f8"}, {"source": "f21", "target": "f30"}, {"source": "f21", "target": "f38"}, {"source": "f44", "target": "f8"}, {"source": "f44", "target": "f30"}, {"source": "f44", "target": "f38"}, {"source": "f8", "target": "f30"}, {"source": "f8", "target": "f38"}, {"source": "f30", "target": "f38"}, {"source": "f3", "target": "f65"}, {"source": "f3", "target": "f67"}, {"source": "f3", "target": "f27"}, {"source": "f3", "target": "f12"}, {"source": "f65", "target": "f67"}, {"source": "f65", "target": "f27"}, {"source": "f65", "target": "f12"}, {"source": "f67", "target": "f27"}, {"source": "f67", "target": "f12"}, {"source": "f27", "target": "f12"}, {"source": "f24", "target": "f66"}, {"source": "f24", "target": "f67"}, {"source": "f24", "target": "f73"}, {"source": "f24", "target": "f14"}, {"source": "f24", "target": "f77"}, {"source": "f24", "target": "f40"}, {"source": "f24", "target": "f79"}, {"source": "f24", "target": "f19"}, {"source": "f24", "target": "f20"}, {"source": "f66", "target": "f67"}, {"source": "f66", "target": "f73"}, {"source": "f66", "target": "f14"}, {"source": "f66", "target": "f77"}, {"source": "f66", "target": "f40"}, {"source": "f66", "target": "f79"}, {"source": "f66", "target": "f19"}, {"source": "f66", "target": "f20"}, {"source": "f67", "target": "f73"}, {"source": "f67", "target": "f14"}, {"source": "f67", "target": "f77"}, {"source": "f67", "target": "f40"}, {"source": "f67", "target": "f79"}, {"source": "f67", "target": "f19"}, {"source": "f67", "target": "f20"}, {"source": "f73", "target": "f14"}, {"source": "f73", "target": "f77"}, {"source": "f73", "target": "f40"}, {"source": "f73", "target": "f79"}, {"source": "f73", "target": "f19"}, {"source": "f73", "target": "f20"}, {"source": "f14", "target": "f77"}, {"source": "f14", "target": "f40"}, {"source": "f14", "target": "f79"}, {"source": "f14", "target": "f19"}, {"source": "f14", "target": "f20"}, {"source": "f77", "target": "f40"}, {"source": "f77", "target": "f79"}, {"source": "f77", "target": "f19"}, {"source": "f77", "target": "f20"}, {"source": "f40", "target": "f79"}, {"source": "f40", "target": "f19"}, {"source": "f40", "target": "f20"}, {"source": "f79", "target": "f19"}, {"source": "f79", "target": "f20"}, {"source": "f19", "target": "f20"}, {"source": "f59", "target": "f58"}, {"source": "f59", "target": "f31"}, {"source": "f59", "target": "f39"}], "pID": "anon", "sns": false, "appID": "cnl", "friends": [{"category": ["facebook_f1"], "lastSeen": "month", "hash": null, "name": "Afton", "friendNumber": "f61"}, {"category": ["facebook_f2"], "lastSeen": "month", "hash": null, "name": "Alberto", "friendNumber": "f62"}, {"category": ["facebook_f3"], "lastSeen": "month", "hash": null, "name": "Alida", "friendNumber": "f63"}, {"category": ["calling_f1"], "lastSeen": "year", "hash": null, "name": "Antonetta", "friendNumber": "f21"}, {"category": ["texting_f1"], "lastSeen": "year", "hash": null, "name": "Argelia", "friendNumber": "f41"}, {"category": ["family_f1"], "lastSeen": "year", "hash": null, "name": "Ashly", "friendNumber": "f1"}, {"category": ["texting_f2"], "lastSeen": "month", "hash": null, "name": "Azalee", "friendNumber": "f42"}, {"category": ["family_f2"], "lastSeen": "year", "hash": null, "name": "Bart", "friendNumber": "f2"}, {"category": ["texting_f3"], "lastSeen": "month", "hash": null, "name": "Belia", "friendNumber": "f43"}, {"category": ["family_f3"], "lastSeen": "month", "hash": null, "name": "Carissa", "friendNumber": "f3"}, {"category": ["calling_f2"], "lastSeen": "year", "hash": null, "name": "Carri", "friendNumber": "f22"}, {"category": ["calling_f3"], "lastSeen": "year", "hash": null, "name": "Catherine", "friendNumber": "f23"}, {"category": ["texting_f4"], "lastSeen": "year", "hash": null, "name": "Celena", "friendNumber": "f44"}, {"category": ["calling_f4"], "lastSeen": "month", "hash": null, "name": "Crysta", "friendNumber": "f24"}, {"category": ["facebook_f4"], "lastSeen": "year", "hash": null, "name": "Curtis", "friendNumber": "f64"}, {"category": ["family_f4"], "lastSeen": "year", "hash": null, "name": "Dee", "friendNumber": "f4"}, {"category": ["family_f5"], "lastSeen": "year", "hash": null, "name": "Deloris", "friendNumber": "f5"}, {"category": ["calling_f5"], "lastSeen": "month", "hash": null, "name": "Dorothy", "friendNumber": "f25"}, {"category": ["facebook_f5"], "lastSeen": "year", "hash": null, "name": "Earline", "friendNumber": "f65"}, {"category": ["facebook_f6"], "lastSeen": "month", "hash": null, "name": "Eleanor", "friendNumber": "f66"}, {"category": ["family_f6"], "hash": null, "name": "Elvin", "friendNumber": "f6"}, {"category": ["facebook_f7"], "hash": null, "name": "Elyse", "friendNumber": "f67"}, {"category": ["calling_f6"], "hash": null, "name": "Emelina", "friendNumber": "f26"}, {"category": ["texting_f5"], "hash": null, "name": "Evelia", "friendNumber": "f45"}, {"category": ["family_f7"], "hash": null, "name": "Evelin", "friendNumber": "f7"}, {"category": ["facebook_f8"], "hash": null, "name": "Felica", "friendNumber": "f68"}, {"category": ["family_f8"], "hash": null, "name": "Fredia", "friendNumber": "f8"}, {"category": ["facebook_f9"], "hash": null, "name": "Georgette", "friendNumber": "f69"}, {"category": ["calling_f7"], "hash": null, "name": "Houston", "friendNumber": "f27"}, {"category": ["family_f9"], "hash": null, "name": "Humberto", "friendNumber": "f9"}, {"category": ["family_f10"], "hash": null, "name": "Isidra", "friendNumber": "f10"}, {"category": ["texting_f6"], "hash": null, "name": "Izola", "friendNumber": "f46"}, {"category": ["texting_f7"], "hash": null, "name": "Jefferson", "friendNumber": "f47"}, {"category": ["calling_f8"], "hash": null, "name": "Jeromy", "friendNumber": "f28"}, {"category": ["calling_f9"], "hash": null, "name": "Joane", "friendNumber": "f29"}, {"category": ["texting_f8"], "hash": null, "name": "Josette", "friendNumber": "f48"}, {"category": ["facebook_f10"], "hash": null, "name": "Julianne", "friendNumber": "f70"}, {"category": ["facebook_f11"], "hash": null, "name": "Justa", "friendNumber": "f71"}, {"category": ["texting_f9"], "hash": null, "name": "Kary", "friendNumber": "f49"}, {"category": ["calling_f10"], "hash": null, "name": "Keith", "friendNumber": "f30"}, {"category": ["texting_f10"], "hash": null, "name": "Korey", "friendNumber": "f50"}, {"category": ["texting_f11"], "hash": null, "name": "Laree", "friendNumber": "f51"}, {"category": ["calling_f11"], "hash": null, "name": "Leida", "friendNumber": "f31"}, {"category": ["texting_f12"], "hash": null, "name": "Letitia", "friendNumber": "f52"}, {"category": ["facebook_f12"], "hash": null, "name": "Librada", "friendNumber": "f72"}, {"category": ["texting_f13"], "hash": null, "name": "Liliana", "friendNumber": "f53"}, {"category": ["calling_f12"], "hash": null, "name": "Lu", "friendNumber": "f32"}, {"category": ["calling_f13"], "hash": null, "name": "Mandie", "friendNumber": "f33"}, {"category": ["calling_f14"], "hash": null, "name": "Maritza", "friendNumber": "f34"}, {"category": ["family_f11"], "hash": null, "name": "Marni", "friendNumber": "f11"}, {"category": ["calling_f15"], "hash": null, "name": "Martin", "friendNumber": "f35"}, {"category": ["texting_f14"], "hash": null, "name": "Maurine", "friendNumber": "f54"}, {"category": ["calling_f16"], "hash": null, "name": "Megan", "friendNumber": "f36"}, {"category": ["facebook_f13"], "hash": null, "name": "Melvin", "friendNumber": "f73"}, {"category": ["family_f12"], "hash": null, "name": "Mignon", "friendNumber": "f12"}, {"category": ["calling_f17"], "hash": null, "name": "Minna", "friendNumber": "f37"}, {"category": ["facebook_f14"], "hash": null, "name": "Monika", "friendNumber": "f74"}, {"category": ["facebook_f15"], "hash": null, "name": "Nicki", "friendNumber": "f75"}, {"category": ["family_f13"], "hash": null, "name": "Pa", "friendNumber": "f13"}, {"category": ["texting_f15"], "hash": null, "name": "Reid", "friendNumber": "f55"}, {"category": ["calling_f18"], "hash": null, "name": "Roy", "friendNumber": "f38"}, {"category": ["family_f14"], "hash": null, "name": "Ruth", "friendNumber": "f14"}, {"category": ["texting_f16"], "hash": null, "name": "Rutha", "friendNumber": "f56"}, {"category": ["texting_f17"], "hash": null, "name": "Ryann", "friendNumber": "f57"}, {"category": ["facebook_f16"], "hash": null, "name": "Sacha", "friendNumber": "f76"}, {"category": ["family_f15"], "hash": null, "name": "Shantelle", "friendNumber": "f15"}, {"category": ["texting_f18"], "hash": null, "name": "Sharri", "friendNumber": "f58"}, {"category": ["family_f16"], "hash": null, "name": "Sophie", "friendNumber": "f16"}, {"category": ["facebook_f17"], "hash": null, "name": "Stefany", "friendNumber": "f77"}, {"category": ["calling_f19"], "hash": null, "name": "Steven", "friendNumber": "f39"}, {"category": ["family_f17"], "hash": null, "name": "Suk", "friendNumber": "f17"}, {"category": ["texting_f19"], "hash": null, "name": "Suzy", "friendNumber": "f59"}, {"category": ["texting_f20"], "hash": null, "name": "Tennille", "friendNumber": "f60"}, {"category": ["facebook_f18"], "hash": null, "name": "Terrie", "friendNumber": "f78"}, {"category": ["calling_f20"], "hash": null, "name": "Ulysses", "friendNumber": "f40"}, {"category": ["facebook_f19"], "hash": null, "name": "Vanetta", "friendNumber": "f79"}, {"category": ["family_f18"], "hash": null, "name": "Vito", "friendNumber": "f18"}, {"category": ["family_f19"], "hash": null, "name": "Werner", "friendNumber": "f19"}, {"category": ["facebook_f20"], "hash": null, "name": "Yoko", "friendNumber": "f80"}, {"category": ["family_f20"], "hash": null, "name": "Yun", "friendNumber": "f20"}]}