{"circles": [{"name": "sccer", "members": ["f4", "f17", "f20"]}, {"name": "football", "members": ["f12", "f13", "f14"]}], "links": [{"source": "f4", "target": "f17"}, {"source": "f4", "target": "f20"}, {"source": "f17", "target": "f20"}, {"source": "f12", "target": "f13"}, {"source": "f12", "target": "f14"}, {"source": "f13", "target": "f14"}, {"source": "f4", "target": "f17"}, {"source": "f4", "target": "f20"}, {"source": "f17", "target": "f20"}, {"source": "f12", "target": "f13"}, {"source": "f12", "target": "f14"}, {"source": "f13", "target": "f14"}], "pID": "anon", "sns": false, "appID": "cnl", "friends": [{"category": ["family_f4"], "strength": 4, "hash": null, "name": "f", "friendNumber": "f4", "lastSeen": "year", "strengthLength": 147.40170677731606}, {"category": ["family_f8"], "strength": 4, "hash": null, "name": "m", "friendNumber": "f8", "lastSeen": "year", "strengthLength": 163.01573528802834}, {"category": ["family_f12"], "strength": 4, "hash": null, "name": "q", "friendNumber": "f12", "lastSeen": "year", "strengthLength": 176.69083896970483}, {"category": ["family_f13"], "strength": 3, "hash": null, "name": "r", "friendNumber": "f13", "lastSeen": "year", "strengthLength": 207.17306807615907}, {"category": ["family_f14"], "strength": 4, "hash": null, "name": "t", "friendNumber": "f14", "lastSeen": "year", "strengthLength": 156.73902201137443}, {"category": ["family_f16", "family_f15", "family_f9", "family_f6", "family_f3", "family_f2", "family_f1", "family_f11", "family_f5"], "strength": 4, "hash": null, "name": "v", "friendNumber": "f16", "lastSeen": "year", "strengthLength": 160.56205808480271}, {"category": ["family_f17", "family_f10", "family_f7"], "strength": 4, "hash": null, "name": "w", "friendNumber": "f17", "lastSeen": "year", "strengthLength": 165.5560807465554}, {"category": ["family_f18"], "strength": 4, "hash": null, "name": "x", "friendNumber": "f18", "lastSeen": "year", "strengthLength": 146.1574345057303}, {"category": ["family_f19"], "strength": 4, "hash": null, "name": "y", "friendNumber": "f19", "lastSeen": "year", "strengthLength": 163.0832834873088}, {"category": ["family_f20"], "strength": 3, "hash": null, "name": "z", "friendNumber": "f20", "lastSeen": "year", "strengthLength": 212.86208148541147}]}